{
    "q0": {
        " ": {
            "write": " ",
            "move": 1,
            "nextState": "q1"
        },
        "1": {
            "write": " ",
            "move": 1,
            "nextState": "q2"
        }
    },
    "q1": {
        " ": {
            "write": " ",
            "move": 1,
            "nextState": "q14"
        },
        "1": {
            "write": " ",
            "move": 1,
            "nextState": "q2"
        }
    },
    "q2": {
        "1": {
            "write": "1",
            "move": 1,
            "nextState": "q2"
        },
        " ": {
            "write": " ",
            "move": 1,
            "nextState": "q3"
        }
    },
    "q3": {
        "1": {
            "write": " ",
            "move": 1,
            "nextState": "q4"
        },
        " ": {
            "write": " ",
            "move": -1,
            "nextState": "q15"
        }
    },
    "q4": {
        "1": {
            "write": "1",
            "move": 1,
            "nextState": "q4"
        },
        " ": {
            "write": " ",
            "move": 1,
            "nextState": "q5"
        }
    },
    "q5": {
        " ": {
            "write": "1",
            "move": -1,
            "nextState": "q6"
        },
        "1": {
            "write": "1",
            "move": 1,
            "nextState": "q5"
        }
    },
    "q6": {
        "1": {
            "write": "1",
            "move": -1,
            "nextState": "q6"
        },
        " ": {
            "write": " ",
            "move": -1,
            "nextState": "q7"
        }
    },
    "q7": {
        "1": {
            "write": "1",
            "move": -1,
            "nextState": "q8"
        },
        " ": {
            "write": "1",
            "move": -1,
            "nextState": "q9"
        }
    },
    "q8": {
        "1": {
            "write": "1",
            "move": -1,
            "nextState": "q8"
        },
        " ": {
            "write": "1",
            "move": 1,
            "nextState": "q3"
        }
    },
    "q9": {
        "1": {
            "write": "1",
            "move": -1,
            "nextState": "q9"
        },
        " ": {
            "write": " ",
            "move": -1,
            "nextState": "q10"
        }
    },
    "q10": {
        "1": {
            "write": "1",
            "move": -1,
            "nextState": "q11"
        },
        " ": {
            "write": " ",
            "move": 1,
            "nextState": "q12"
        }
    },
    "q11": {
        "1": {
            "write": "1",
            "move": -1,
            "nextState": "q11"
        },
        " ": {
            "write": " ",
            "move": 1,
            "nextState": "q0"
        }
    },
    "q12": {
        "1": {
            "write": " ",
            "move": 1,
            "nextState": "q13"
        },
        " ": {
            "write": " ",
            "move": 1,
            "nextState": "q12"
        }
    },
    "q13": {
        "1": {
            "write": " ",
            "move": 1,
            "nextState": "q13"
        },
        " ": {
            "write": " ",
            "move": 1,
            "nextState": "qdone"
        }
    },
    "q14": {
        "1": {
            "write": " ",
            "move": 1,
            "nextState": "q14"
        },
        " ": {
            "write": " ",
            "move": 1,
            "nextState": "qdone"
        }
    },
    "q15": {
        "1": {
            "write": " ",
            "move": -1,
            "nextState": "q15"
        },
        " ": {
            "write": " ",
            "move": -1,
            "nextState": "q16"
        }
    },
    "q16": {
        "1": {
            "write": " ",
            "move": -1,
            "nextState": "q16"
        },
        " ": {
            "write": " ",
            "move": 1,
            "nextState": "qdone"
        }
    }
}
