{
    "q0": {
        " ": {
            "write": " ",
            "move": 1,
            "nextState": "q1"
        },
        "1": {
            "write": "1",
            "move": 0,
            "nextState": "q1"
        }
    },
    "q1": {
        "1": {
            "write": "1",
            "move": 1,
            "nextState": "q1"
        },
        "*": {
            "write": "1",
            "move": 1,
            "nextState": "q2"
        }
    },
    "q2": {
        "1": {
            "write": "1",
            "move": 1,
            "nextState": "q2"
        },
        " ": {
            "write": " ",
            "move": -1,
            "nextState": "q3"
        }
    },
    "q3": {
        "1": {
            "write": " ",
            "move": 0,
            "nextState": "q3"
        },
        " ": {
            "write": " ",
            "move": -1,
            "nextState": "q4"
        }
    },
    "q4": {
        "1": {
            "write": "1",
            "move": -1,
            "nextState": "q4"
        },
        " ": {
            "write": " ",
            "move": 0,
            "nextState": "qdone"
        }
    }
}
